medio_pago,monto_total,pct
efectivo,934819,0.352573359829857
qr,714280,0.2693955722543832
tarjeta,460099,0.1735294749939372
transferencia,542219,0.20450159292182254
