categoria,precio_promedio
Alimentos,2653.1188811188813
Higiene personal,2629.4666666666667
Limpieza,2696.8888888888887
