categoria,monto_promedio_pedido,precio_promedio
Alimentos,19258.095652173914,2653.1188811188813
Higiene personal,9180.346153846154,2629.4666666666667
Limpieza,7921.88,2696.8888888888887
