ciudad,importe,pct
Alta Gracia,481504,0.18160251669201788
Carlos Paz,353852,0.13345769450825729
Cordoba,481482,0.18159421924201286
Mendiolaza,229026,0.08637871749332526
Rio Cuarto,792203,0.2987847630153989
Villa Maria,313350,0.11818208904898776
